{"eigval": {"0": [1.293774225170144, 1.2937742251701458, 1.567544467966323, 1.5675444679663235, 1.5675444679663244, 1.6815380034719591, 1.6815380034719598, 1.6815380034719616, 1.8937742251701422, 1.9704316924588934, 1.9704316924588947, 1.9704316924588956, 1.9999999999999996, 2.0207856214860414, 2.0207856214860422, 2.020785621486044, 2.3999999999999977, 2.4, 2.400000000000001, 2.4879275210412297, 2.48792752104123, 2.4879275210412315, 2.5999999999999988, 2.6, 2.7383244371937083, 2.73832443719371, 2.738324437193711, 2.7706034692306374, 2.7706034692306383, 2.770603469230639, 2.799999999999999, 2.7999999999999994, 2.832455532033674, 2.8324555320336753, 2.8324555320336757, 2.8693199905847053, 2.8693199905847067, 2.8693199905847075, 2.9062257748298537, 2.906225774829855, 3.5062257748298555, 4.2246150168247585, 4.224615016824759, 4.224615016824765, 4.40331634930616, 4.403316349306161, 4.403316349306167, 4.6000000000000005, 5.633137898401887, 5.633137898401888, 5.63313789840189], "1": [1.5226006912434649, 1.522600691243466, 1.5226006912434664, 1.5281379569290658, 1.5980419167334807, 1.598041916733483, 1.6415515788369106, 1.6415515788369106, 1.6415515788369124, 1.8268530549683526, 1.8268530549683533, 1.8268530549683537, 1.8478260092868393, 1.8478260092868415, 1.8478260092868417, 2.2403137973388825, 2.2403137973388847, 2.240313797338885, 2.287448110926237, 2.28744811092624, 2.3116265121516877, 2.3116265121516895, 2.3116265121516895, 2.3990095633448494, 2.399009563344851, 2.4078311953289666, 2.4078311953289675, 2.407831195328968, 2.455954555206434, 2.608137792599534, 2.608137792599535, 2.6081377925995364, 3.114865838043501, 3.608948694383024, 3.6089486943830296, 3.608948694383032, 3.651910524011754, 3.651910524011754, 3.651910524011756, 3.7021156682173824, 3.7021156682173832, 3.7021156682173846, 3.795468840820912, 3.8682868134954687, 3.8682868134954718, 4.230284481633178, 4.230284481633179, 4.23028448163318], "2": [1.2986504633604348, 1.2986504633604354, 1.2986504633604363, 1.7991496508056943, 1.7991496508056948, 1.799149650805695, 1.910975019192979, 1.927930197525487, 1.927930197525488, 1.9279301975254897, 1.9393026351818894, 1.9393026351818896, 2.0019567035326555, 2.0019567035326578, 2.028630148504903, 2.0286301485049036, 2.0286301485049054, 2.0576671466309415, 2.165306071979379, 2.16530607197938, 2.165306071979381, 2.276989830384997, 2.2769898303849976, 2.2769898303849976, 2.318204587557082, 2.6793032815294238, 2.6793032815294247, 2.679303281529425, 2.7465103380414226, 2.7465103380414226, 2.7465103380414226, 2.818726055619079, 3.084188460904926, 3.0841884609049264, 3.084188460904927, 3.153643237836409, 3.15364323783641, 3.255746776053196, 3.255746776053197, 3.255746776053197, 3.788138369108025, 3.7881383691080273, 3.7881383691080286, 3.9523110189490005, 3.9523110189490005, 4.549456411802096, 4.549456411802096, 4.5494564118020975], "3": [1.2986504633604334, 1.2986504633604352, 1.2986504633604357, 1.7991496508056926, 1.7991496508056932, 1.7991496508056943, 1.9109750191929802, 1.9279301975254874, 1.9279301975254874, 1.9279301975254888, 1.939302635181889, 1.9393026351818896, 2.0019567035326555, 2.0019567035326564, 2.0286301485049028, 2.028630148504903, 2.0286301485049036, 2.0576671466309424, 2.165306071979379, 2.165306071979379, 2.165306071979379, 2.2769898303849967, 2.276989830384997, 2.2769898303849976, 2.3182045875570823, 2.679303281529422, 2.6793032815294233, 2.6793032815294238, 2.7465103380414218, 2.7465103380414226, 2.746510338041424, 2.8187260556190763, 3.0841884609049215, 3.084188460904925, 3.084188460904927, 3.15364323783641, 3.15364323783641, 3.255746776053196, 3.255746776053196, 3.255746776053197, 3.788138369108031, 3.788138369108032, 3.788138369108032, 3.9523110189490005, 3.952311018949002, 4.549456411802094, 4.549456411802096, 4.549456411802097], "4": [1.5226006912434649, 1.5226006912434655, 1.5226006912434666, 1.5281379569290645, 1.5980419167334803, 1.5980419167334843, 1.641551578836911, 1.641551578836911, 1.641551578836912, 1.8268530549683533, 1.8268530549683533, 1.8268530549683537, 1.8478260092868406, 1.847826009286841, 1.8478260092868415, 2.2403137973388842, 2.2403137973388842, 2.2403137973388847, 2.287448110926238, 2.287448110926239, 2.3116265121516877, 2.311626512151688, 2.311626512151689, 2.399009563344849, 2.3990095633448525, 2.407831195328967, 2.407831195328968, 2.4078311953289697, 2.4559545552064335, 2.6081377925995333, 2.608137792599534, 2.6081377925995346, 3.114865838043502, 3.6089486943830273, 3.6089486943830282, 3.608948694383031, 3.6519105240117526, 3.651910524011755, 3.651910524011756, 3.7021156682173837, 3.7021156682173846, 3.7021156682173855, 3.7954688408209143, 3.8682868134954647, 3.868286813495472, 4.230284481633178, 4.230284481633178, 4.23028448163318]}, "lamb": 0.8660254037844386, "mu": 2, "nsites": 5}