{"eigval": {"0": [1.3514647278183618, 1.3514647278183631, 1.47163483008984, 1.4722684052875545, 1.472268405287556, 1.472268405287557, 2.249999999999997, 2.2499999999999982, 2.249999999999999, 2.4658799559187328, 2.4999999999999982, 2.499999999999999, 2.5, 2.6065990924638327, 2.6065990924638345, 2.793792429243848, 2.7937924292438483, 2.7937924292438496, 4.541936179717803, 4.541936179717806, 4.983939165468591, 4.983939165468593, 4.983939165468595, 6.0624852139914225], "2": [1.4999999999999991, 1.4999999999999993, 1.5, 1.6957523584929242, 1.6957523584929248, 1.695752358492925, 1.9999999999999978, 1.999999999999998, 1.9999999999999987, 1.9999999999999996, 1.9999999999999998, 2.0, 2.499999999999999, 2.5, 2.7499999999999987, 2.75, 2.7500000000000004, 4.0, 4.054247641507073, 4.054247641507073, 4.054247641507075], "1": [1.4611408475854992, 1.4611408475854997, 1.4611408475855008, 2.0000000000000013, 2.156929669182745, 2.156929669182745, 2.156929669182747, 2.3147217703815177, 2.314721770381519, 2.3147217703815195, 3.4741373820329775, 3.4741373820329784, 3.4741373820329806, 3.499999999999997, 3.4999999999999996, 3.5930703308172514, 3.593070330817252, 3.593070330817256], "3": [1.4611408475855, 1.4611408475855008, 1.4611408475855008, 1.9999999999999973, 2.156929669182745, 2.156929669182746, 2.1569296691827464, 2.3147217703815177, 2.3147217703815186, 2.3147217703815204, 3.474137382032979, 3.474137382032979, 3.4741373820329797, 3.4999999999999973, 3.4999999999999982, 3.5930703308172522, 3.5930703308172522, 3.593070330817253]}, "lamb": 0.8660254037844386, "mu": 2, "nsites": 4}