{"eigval": {"0": [1.0000000000000002, 2.367006838144546, 2.367006838144549, 2.3670068381445493, 2.666666666666666, 2.666666666666666, 2.6666666666666674, 3.0, 5.632993161855449, 5.632993161855452, 5.632993161855455], "1": [1.6666666666666659, 1.666666666666666, 1.666666666666666, 1.9999999999999991, 2.0, 2.9999999999999996, 2.9999999999999996, 3.0], "2": [1.666666666666666, 1.6666666666666663, 1.6666666666666672, 1.9999999999999984, 2.0, 2.9999999999999987, 3.0000000000000004, 3.0000000000000004]}, "lamb": 0.8660254037844386, "mu": 2, "nsites": 3}