{"eigval": [1.3514647278183618, 1.3514647278183618, 1.461140847585497, 1.4611408475854994, 1.4611408475854997, 1.4611408475855001, 1.4611408475855012, 1.4611408475855026, 1.4716348300898392, 1.472268405287554, 1.4722684052875554, 1.4722684052875559, 1.4999999999999991, 1.4999999999999996, 1.5000000000000002, 1.6957523584929204, 1.695752358492922, 1.6957523584929222, 1.9999999999999967, 1.9999999999999982, 1.999999999999999, 2.0, 2.0, 2.0000000000000013, 2.0000000000000013, 2.000000000000002, 2.1569296691827446, 2.1569296691827455, 2.156929669182746, 2.1569296691827464, 2.1569296691827464, 2.1569296691827473, 2.2499999999999987, 2.2500000000000018, 2.250000000000002, 2.314721770381516, 2.3147217703815164, 2.314721770381518, 2.3147217703815186, 2.3147217703815186, 2.314721770381519, 2.4658799559187288, 2.4999999999999982, 2.4999999999999982, 2.4999999999999987, 2.499999999999999, 2.5, 2.6065990924638305, 2.606599092463834, 2.7499999999999982, 2.7500000000000004, 2.7500000000000004, 2.7937924292438465, 2.7937924292438487, 2.793792429243851, 3.474137382032978, 3.474137382032978, 3.4741373820329793, 3.4741373820329797, 3.4741373820329797, 3.4741373820329815, 3.4999999999999956, 3.4999999999999973, 3.5000000000000004, 3.5000000000000036, 3.593070330817251, 3.593070330817252, 3.5930703308172522, 3.5930703308172536, 3.5930703308172536, 3.5930703308172554, 4.000000000000002, 4.054247641507075, 4.054247641507075, 4.054247641507078, 4.541936179717803, 4.541936179717805, 4.983939165468585, 4.983939165468592, 4.983939165468596, 6.062485213991428], "lamb": 0.8660254037844386, "mu": 2, "nsites": 4}