{"eigval": [0.9999999999999996, 1.6666666666666645, 1.666666666666665, 1.6666666666666652, 1.666666666666666, 1.6666666666666667, 1.666666666666668, 1.999999999999999, 1.9999999999999991, 1.9999999999999998, 2.0, 2.367006838144546, 2.367006838144547, 2.367006838144547, 2.6666666666666647, 2.666666666666665, 2.6666666666666656, 2.999999999999997, 2.999999999999997, 2.9999999999999982, 2.9999999999999987, 2.9999999999999996, 3.0, 3.000000000000002, 5.632993161855449, 5.632993161855449, 5.63299316185545], "lamb": 0.8660254037844386, "mu": 2, "nsites": 3}